{
    "descriptive_statistics": {
        "Temperature": {
            "count": 6250.0,
            "mean": 24.939843924630484,
            "std": 3.015121020257256,
            "min": 20.007565,
            "25%": 22.431334160580455,
            "50%": 24.89157130728595,
            "75%": 27.42858475362462,
            "max": 29.998671
        },
        "Humidity": {
            "count": 6250.0,
            "mean": 45.363868629227404,
            "std": 8.904559997040485,
            "min": 30.01597450346074,
            "25%": 38.000210355605525,
            "50%": 45.65947628183224,
            "75%": 52.609769091971486,
            "max": 59.969085
        },
        "SquareFootage": {
            "count": 6250.0,
            "mean": 1504.5505002973591,
            "std": 291.8335010292368,
            "min": 1000.5126606747408,
            "25%": 1252.1796994128729,
            "50%": 1507.8567638073011,
            "75%": 1753.5220460965677,
            "max": 1999.982252131635
        },
        "RenewableEnergy": {
            "count": 6250.0,
            "mean": 15.255021364812887,
            "std": 9.065113564400324,
            "min": 0.006642,
            "25%": 7.611285920109099,
            "50%": 15.32800995724202,
            "75%": 22.98404712159904,
            "max": 29.96532733777335
        },
        "EnergyConsumption": {
            "count": 6250.0,
            "mean": 76.70045506913456,
            "std": 10.204029352455944,
            "min": 53.263278,
            "25%": 69.6934137929569,
            "50%": 76.6751780283548,
            "75%": 83.94546029120474,
            "max": 99.20112
        }
    },
    "missing_values": {
        "Month": 0,
        "Hour": 0,
        "DayOfWeek": 0,
        "Holiday": 0,
        "Temperature": 0,
        "Humidity": 0,
        "SquareFootage": 0,
        "Occupancy": 0,
        "HVACUsage": 0,
        "LightingUsage": 0,
        "RenewableEnergy": 0,
        "EnergyConsumption": 0
    },
    "correlations": {
        "Temperature": {
            "Temperature": 1.0,
            "Humidity": -0.017474652287949075,
            "SquareFootage": 0.020152451547897347,
            "RenewableEnergy": -0.014820829070936256,
            "EnergyConsumption": 0.3992159807559464
        },
        "Humidity": {
            "Temperature": -0.017474652287949075,
            "Humidity": 1.0,
            "SquareFootage": 0.0004049759856297828,
            "RenewableEnergy": 0.01360862642146994,
            "EnergyConsumption": -0.049752327999481503
        },
        "SquareFootage": {
            "Temperature": 0.020152451547897347,
            "Humidity": 0.0004049759856297828,
            "SquareFootage": 1.0,
            "RenewableEnergy": 0.01447139139820369,
            "EnergyConsumption": 0.020328141915598254
        },
        "RenewableEnergy": {
            "Temperature": -0.014820829070936256,
            "Humidity": 0.01360862642146994,
            "SquareFootage": 0.01447139139820369,
            "RenewableEnergy": 1.0,
            "EnergyConsumption": 0.040542247307729956
        },
        "EnergyConsumption": {
            "Temperature": 0.3992159807559464,
            "Humidity": -0.049752327999481503,
            "SquareFootage": 0.020328141915598254,
            "RenewableEnergy": 0.040542247307729956,
            "EnergyConsumption": 1.0
        }
    }
}